day,date,gpp_avg,nee,hetero_resp,auto_resp,cleaf,croot,cstem,cgrain,lai_alloc,litter_cleaf,litter_croot,soc_total,wliq,psi,et_total,cstate_a,cstate_w,cstate_e,cstate_n,cstate_h
1,2026-01-01,1.6281614506371292e-10,-1.3127776342632219e-10,5.2985746703927825e-12,2.6239806966997965e-11,6.792231495228465e-06,5.007964116327708e-06,0.0,0.0,0.00016171979750543964,0.0,0.0,15.999999542203145,0.6108054882382619,-0.00022635986751874071,0.027648282394080695,1.793979091741813,0.20060722823983676,0.10800264433822132,4.787745107220454,9.10966547066282
2,2026-01-02,2.2124119854792282e-10,3.349707080874112e-11,2.1843499013099634e-10,3.6303279225667595e-11,1.5940617434765543e-05,1.1807618473517719e-05,0.0,0.0,0.00037953851035156056,2.7857341941529394e-08,2.738590774228954e-09,15.99998070001593,0.6096992819948478,-0.0002314195162395661,0.0015099888650104273,1.7939820610743151,0.20060290807740236,0.10800210431544667,4.787733497508816,9.10966012903995
3,2026-01-03,2.63731653387182e-10,2.2076509680710082e-10,4.4158931621797234e-10,4.290743397631045e-11,2.6844979344728407e-05,1.9906123654462624e-05,0.0,0.0,0.0006391661748744858,6.948308265115553e-08,6.862383540380178e-09,15.999942623044475,0.6086342599948257,-0.00023635578733737186,0.0014434644295483528,1.7939901560699465,0.20059364689041598,0.10800094642089819,4.787706874721505,9.10965099894171
4,2026-01-04,7.550980074899225e-11,4.181311763589474e-10,4.81443174104502e-10,1.2197803003437629e-11,2.9888897269110874e-05,2.2206469715016022e-05,0.0,0.0,0.0007116404111693066,1.1456557826271633e-07,1.1327042017339621e-08,15.999901152246853,0.6076088900980168,-0.00024116955305367676,0.0004450329925253074,1.7939980226093457,0.20058357740430918,0.10799968689459671,4.787678850691378,9.109641014647224
5,2026-01-05,9.647733819412634e-13,4.1991706356744125e-10,4.2057290818266916e-10,3.089287667134044e-13,2.980891886737571e-05,2.221317557928242e-05,0.0,0.0,0.0007097361635089454,1.1822579423307243e-07,1.1711717991387943e-08,15.9998649446851,0.606619469467789,-0.0002458724811368573,0.031079678073285672,1.7940021457812207,0.20057509706073728,0.10799862562244471,4.7876577397536595,9.109631336467038
6,2026-01-06,1.4576881530592062e-10,3.175797061630487e-10,4.396010831876624e-10,2.374743828130695e-11,3.5763361980407084e-05,2.66742590351231e-05,0.0,0.0,0.0008515086185811211,1.1563148454480613e-07,1.148892150976552e-08,15.99982709027192,0.6056615481482248,-0.00025048075897611533,0.005576803560740895,1.794005656967473,0.20056625784204024,0.10799751899457165,4.787636512143633,9.109621144324201
7,2026-01-07,8.860377409453267e-11,6.423639052662384e-10,7.164170808888258e-10,1.4550598471945223e-11,3.930303120791366e-05,2.9370841636871455e-05,0.0,0.0,0.0009357864573312776,1.472945110056614e-07,1.4648033530961229e-08,15.999765353778676,0.6047349236776093,-0.00025499082466168374,0.0004308319768065715,1.7940142809322255,0.20055086111877504,0.10799559060208203,4.787597011081208,9.109607610044385
8,2026-01-08,1.0353635193425974e-11,6.875544644746993e-10,6.960757314463838e-10,1.8323682217414888e-12,3.957594404712857e-05,2.9657996566230966e-05,0.0,0.0,0.0009422843820744898,1.602068569806453e-07,1.596284079847091e-08,15.999705389005175,0.6038375898961613,-0.0002594081191946056,6.10769159614334e-05,1.794022054883484,0.20053599479553302,0.10799372726982683,4.787559393577736,9.109594218478597
9,2026-01-09,0.0,6.31259045419232e-10,6.310647373589618e-10,1.943080602702288e-13,3.942037200967174e-05,2.9625663705002e-05,0.0,0.0,0.0009385802859445652,1.5557203745683598e-07,1.5544644821618306e-08,15.99965103612855,0.6029672472979822,-0.0002637400222150781,0.0,1.7940271841927042,0.20052277731914386,0.10799206942774076,4.787527704888425,9.109581300300537
10,2026-01-10,0.0,5.912763466061037e-10,5.910880130646325e-10,1.883335414711124e-13,3.9270012274127246e-05,2.9594325003701206e-05,0.0,0.0,0.0009350002922411249,1.5035973554449062e-07,1.5066683317688995e-08,15.99960013155064,0.6021221810547814,-0.0002679914780601247,0.0,1.7940304871406336,0.2005105828911739,0.10799053895213993,4.787499877378995,9.109568645187698
11,2026-01-11,0.0,7.114508745019469e-10,7.11256715983819e-10,1.9415851812792702e-13,3.9115429784631916e-05,2.956201702628472e-05,0.0,0.0,0.0009313197567769504,1.5458248949533026e-07,1.5532681450234164e-08,15.999538849085551,0.6013009229350676,-0.0002721665564349978,0.0,1.7940359911498498,0.20049546339052382,0.10798864029116427,4.78746394262992,9.109554811624093
12,2026-01-12,0.0,8.188546723899193e-10,8.186509782603334e-10,2.0369412958590347e-13,3.895371720427027e-05,2.9528122323121625e-05,0.0,0.0,0.0009274694572445302,1.6171258036164797e-07,1.629553036687228e-08,15.999468295649141,0.6005021313434817,-0.00027626899921770405,0.0,1.7940456538509877,0.2004776292593617,0.10798639914919614,4.78741835069361,9.109540262695985
13,2026-01-13,0.0,9.157368825038681e-10,9.155238837376982e-10,2.1299876616990295e-13,3.878512347633633e-05,2.9492679328430953e-05,0.0,0.0,0.0009234553208651507,1.685937279339422e-07,1.7039901293592238e-08,15.999389380019213,0.5997245769921652,-0.00028030225609072503,0.0,1.7940600699202036,0.20045731670717204,0.10798384438174678,4.7873629645203994,9.109525184489693
14,2026-01-14,0.0,9.669442961031084e-10,9.667262463761845e-10,2.1804972692387663e-13,3.861307226006237e-05,2.945639585387082e-05,0.0,0.0,0.0009193588633348185,1.720512162739587e-07,1.7443978153910132e-08,15.99930604436672,0.5989671305597201,-0.0002842695153564213,0.0,1.7940773686497662,0.20043569494697705,0.10798112226806064,4.787301995956864,9.109509862545053
15,2026-01-15,0.0,1.1019118205450157e-09,1.1016895918770686e-09,2.2222866794705786e-13,3.8438286485395316e-05,2.9419417003524428e-05,0.0,0.0,0.0009151972972713171,1.7478577466705683e-07,1.7778293435764632e-08,15.99921105095005,0.5982287520138221,-0.00028817373070738075,0.0,1.794098534885165,0.20041066004462657,0.10797796711416256,4.7872301928039525,9.109493696102144
16,2026-01-16,0.0,1.3002690711027303e-09,1.3000348630614255e-09,2.3420804130471123e-13,3.825468211714202e-05,2.9380444785451322e-05,0.0,0.0,0.0009108257646938577,1.8360436825329252e-07,1.8736643304376902e-08,15.999098930278894,0.5975084813338049,-0.00029201764458127306,0.0,1.7941292119598735,0.2003804989234374,0.10797416121812743,4.787138407012425,9.10947665116503
17,2026-01-17,0.0,1.3988451975224209e-09,1.3986030478315004e-09,2.421496909204341e-13,3.806550813726724e-05,2.9340151076882162e-05,0.0,0.0,0.0009063216223158866,1.891739798747863e-07,1.937197527363473e-08,15.998978299521516,0.5968054304172624,-0.00029580380861726486,0.0,1.7941663503752572,0.20034778986564225,0.10797002756669258,4.787034859771348,9.109459271942576
18,2026-01-18,0.0,1.7228209277119484e-09,1.7225592993111005e-09,2.616284008478781e-13,3.786184828571462e-05,2.9296616110981076e-05,0.0,0.0,0.0009014725782313007,2.036598515526134e-07,2.093027206783025e-08,15.99882969498818,0.5961187759927827,-0.00029953460164114495,0.0,1.7942227766426737,0.20030661371801478,0.107964815246126,4.7868946433861455,9.10944084599522
19,2026-01-19,0.0,1.9421080517124097e-09,1.9418315447095755e-09,2.76507002834131e-13,3.764743991544582e-05,2.925060534570948e-05,0.0,0.0,0.0008963676170344243,2.1440837026879989e-07,2.2120560226730483e-08,15.998662157271648,0.5954477533914883,-0.00030321224553389836,0.0,1.7942948030115495,0.20025971563106404,0.10795886591079534,4.786726902159492,9.109421870558746
20,2026-01-20,1.5409066899373532e-10,1.7906024983826497e-09,1.919293228502956e-09,2.5399938873429024e-11,4.383368951290333e-05,3.394662898602662e-05,0.0,0.0,0.001043659274116746,2.1439556883979487e-07,2.221027578001414e-08,15.99849656694255,0.5947904983052992,-0.00030684521795015384,0.0006996735661034817,1.794367021703709,0.2002135063030328,0.10795298940870396,4.786560052061446,9.109402997465656
21,2026-01-21,2.5270678082189956e-10,1.7153978192996199e-09,1.926271390866276e-09,4.183320925524377e-11,5.405380356047209e-05,4.1668560775865266e-05,0.0,0.0,0.001286995322868383,2.5146477746619674e-07,2.5965968485452643e-08,15.998330414525123,0.5941463963817462,-0.00031043535273932654,0.0013848563247975797,1.7944406378049857,0.20016722249237123,0.10794708894895444,4.786391330915997,9.109384134362815
22,2026-01-22,1.2101640645362884e-10,1.7644287373027099e-09,1.8654790306629833e-09,1.9966113093355276e-11,5.8786865034891796e-05,4.532922859091822e-05,0.0,0.0,0.001399687262735519,3.0560507316623494e-07,3.1410983688733653e-08,15.99816957415293,0.5935166618282008,-0.0003139742822946652,0.0009700256507985433,1.794509915714805,0.20012266430306128,0.10794139437218592,4.786230181026213,9.109365418736665
23,2026-01-23,8.47464037150406e-11,1.5669553885178932e-09,1.6379072634592954e-09,1.3794528773638535e-11,6.202777205725849e-05,4.78726469272368e-05,0.0,0.0,0.0014768517156490118,3.136682945681318e-07,3.2248341683726575e-08,15.998028404882005,0.5929006636169054,-0.00031746391886409964,0.0005764891695094947,1.7945634744540786,0.20008416693332506,0.10793646261144303,4.786096986015265,9.109347314867893
24,2026-01-24,8.514155719689075e-11,1.3268926220522471e-09,1.3984952390913104e-09,1.3538940157827553e-11,6.53156161415896e-05,5.042879653668441e-05,0.0,0.0,0.0015551337176568955,3.105182763214632e-07,3.1954142074874075e-08,15.997907917365767,0.5922971898272433,-0.00032090962577338626,0.0005801637160907164,1.794602046879021,0.20005195658455677,0.10793232781816839,4.785991595848693,9.109329990235327
25,2026-01-25,1.6879713485998144e-10,1.109329156554271e-09,1.2517018429101205e-09,2.6424448504131964e-11,7.21433440649503e-05,5.555768747961669e-05,0.0,0.0,0.0017176986682131024,3.1223823569631603e-07,3.2142999156117015e-08,15.997800114707774,0.5917053395124784,-0.00032431519178697745,0.0008212782382777799,1.7946317137046075,0.20002358332286005,0.10792867943864158,4.7859029350683535,9.109313203173311
26,2026-01-26,3.172838223232095e-10,1.0190447652112254e-09,1.2883265536303176e-09,4.800203390411725e-11,8.534634160199969e-05,6.524895142039215e-05,0.0,0.0,0.0020320557524285644,3.3707420139974887e-07,3.4610840184967935e-08,15.997689174978582,0.5911242859238132,-0.00032768413670193576,0.001277479128926875,1.794659066487479,0.1999943666951046,0.10792491711858997,4.785814713390194,9.109296111287215
27,2026-01-27,1.741332650845012e-10,1.042326886359508e-09,1.1898708719008568e-09,2.6589279543152403e-11,9.238745806448452e-05,7.052730252323847e-05,0.0,0.0,0.0021997013824877265,3.8870933146993404e-07,3.962345397144409e-08,15.997586798468035,0.5905546690317787,-0.00033101152784117006,0.0010809728917797583,1.794681868664149,0.1999677251399663,0.1079214811799359,4.785736291940999,9.109279431542985
28,2026-01-28,7.780801431847012e-11,9.893233545729564e-10,1.0550959828594768e-09,1.203538603194977e-11,9.531242483105326e-05,7.283989178789388e-05,0.0,0.0,0.0022693434483584108,4.040707828159516e-07,4.1128269915268346e-08,15.99749608337417,0.5899967818312156,-0.000334294375007905,0.0004455506852230042,1.7946985407256169,0.19994454594214311,0.107918487646194,4.785671137776577,9.109263371283639
29,2026-01-29,2.899928042826278e-10,6.579806032787665e-10,9.043806546496151e-10,4.359275291177919e-11,0.00010732633828239925,8.16808863140081e-05,0.0,0.0,0.0025553890067237916,3.939176963815911e-07,4.013876459951769e-08,15.997418378942069,0.5894481207018777,-0.00033754627853575076,0.0010729536676478434,1.794708497736333,0.19992518853720187,0.10791598469615858,4.7856206264962,9.109248081476176
30,2026-01-30,5.955411764370425e-28,7.395194529220148e-10,7.3899757743399e-10,5.218754880247132e-13,0.00010691490064235915,8.159404623280078e-05,0.0,0.0,0.0025455928724371227,4.114376400401042e-07,4.175003904197705e-08,15.997354982739058,0.58891112218985,-0.0003407516732981325,6.531196212006616e-06,1.7947120346759813,0.1999099756284316,0.10791401560371297,4.785585173361659,9.109233783469273
31,2026-01-31,8.320057461814145e-11,5.551258544566866e-10,6.249749387346868e-10,1.3351490340141227e-11,0.0001100431947632236,8.407628528654425e-05,0.0,0.0,0.0026200760657910382,3.8522849194340496e-07,3.91992150678998e-08,15.997301409332058,0.5883829884995041,-0.00034392616234260126,0.00039976306664439527,1.7947119547269905,0.1998975639991846,0.10791240784297794,4.785559186588479,9.109220296174426
32,2026-02-01,2.9071715860699142e-27,5.140229392753078e-10,5.135544481127617e-10,4.684911625460666e-13,0.00010967528413965691,8.399832835709659e-05,0.0,0.0,0.00261131628903945,3.67910623566691e-07,3.747929300368531e-08,15.99725744361766,0.587864689822391,-0.00034706293480269714,8.450622781960214e-06,1.7947090531026615,0.19988784898404188,0.10791114855101928,4.785541666433321,9.109207726546614
33,2026-02-02,8.837834516679957e-12,3.9376401135545684e-10,4.007414051406115e-10,1.8604407315252822e-12,0.00010970569687198286,8.420341241408317e-05,0.0,0.0,0.002612040401713878,3.3331291756570906e-07,3.403711615912164e-08,15.997223186910286,0.5873551221728026,-0.00035016770379999856,0.07903282097743705,1.794704326910761,0.19988079460373878,0.10791023362472398,4.785531552463699,9.109196279307364
34,2026-02-03,1.2458808393934746e-10,2.6760168720457824e-10,3.724131704676876e-10,1.9776600676238104e-11,0.00011463467841213371,8.796996347411352e-05,0.0,0.0,0.002729397105050803,3.2674132154175666e-07,3.343823220971298e-08,15.997191370591912,0.5868533320534912,-0.0003532454391428215,0.012006946955955274,1.7946995624333744,0.199874382160071,0.10790940165698211,4.785522820710557,9.109185203630927
35,2026-02-04,3.537396931455253e-11,3.323652318084649e-10,3.619829900562449e-10,5.756211066772471e-12,0.00011579808290061564,8.898956884330635e-05,0.0,0.0,0.00275709721191942,3.410667756697613e-07,3.4897679263667784e-08,15.997160471226024,0.5863604016883796,-0.0003562886571375762,0.00020913002688870665,1.7946949800248733,0.19986819809062256,0.10790859905043648,4.785514381692119,9.109174312367974
36,2026-02-05,1.3208071296511452e-13,3.553800981345569e-10,3.5505058653254125e-10,4.615923149807543e-13,0.0001154585074120427,8.892067172915301e-05,0.0,0.0,0.002749012081239112,3.446846158922114e-07,3.531818441990859e-08,15.99713017485815,0.5858758098232415,-0.0003592996985542097,5.160562381591033e-06,1.7946905427793112,0.19986216076113997,0.10790781525611796,4.785506101430612,9.109163554630967
37,2026-02-06,8.90423539324289e-15,3.2890393371655093e-10,3.284822338009226e-10,4.306041510215843e-13,0.00011512426131667277,8.884950986946596e-05,0.0,0.0,0.0027410538408731613,3.346127025090571e-07,3.436037983761333e-08,15.997102162966232,0.5853989627796427,-0.0003622814442153476,1.1923924680994105e-07,1.7946859937165065,0.19985672050834724,0.10790710874890581,4.785499185742665,9.109153154249807
38,2026-02-07,0.0,3.0126851979011337e-10,3.008516169564704e-10,4.169028336429647e-13,0.0001148001472219446,8.878013723794777e-05,0.0,0.0,0.002733336838617729,3.241140947281796e-07,3.335222669143718e-08,15.997076526852847,0.5849296057366861,-0.0003652347318087892,0.0,1.7946814319286046,0.19985188998906406,0.10790648123111096,4.785493563486468,9.1091431602176
39,2026-02-08,0.0,2.9739264223593063e-10,2.9697387806921794e-10,4.187641667126651e-13,0.00011447524895425411,8.87104548806068e-05,0.0,0.0,0.0027256011655774786,3.2489826769049164e-07,3.350113333701321e-08,15.997051226709186,0.58446750367333,-0.00036816031493649217,0.0,1.7946770512561085,0.19984712735362,0.10790586239366949,4.785487900231478,9.109133285474309
40,2026-02-09,0.0,3.386168823503931e-10,3.381700803861456e-10,4.4680196424748457e-13,0.00011412930709547781,8.863610703375601e-05,0.0,0.0,0.0027173644546542334,3.4594185877630136e-07,3.574415713979877e-08,15.997022390500256,0.5840124327686185,-0.0003710589137918929,0.0,1.7946732832550194,0.199841412196479,0.10790511971127247,4.78547961386311,9.109122961474375
41,2026-02-10,0.0,4.1012629914520936e-10,4.096392743363928e-10,4.870248088165469e-13,0.00011375304641010697,8.855506610556893e-05,0.0,0.0,0.0027084058669073086,3.762606853708384e-07,3.8961984705323756e-08,15.996987412889624,0.5835641795191502,-0.00037393121829118426,0.0,1.794671001924826,0.19983402885243481,0.10790416012633336,4.785466319671721,9.109111902314309
42,2026-02-11,0.0,5.545139319505674e-10,5.539829088124837e-10,5.310231380837209e-13,0.00011334377225565531,8.846670385539179e-05,0.0,0.0,0.0026986612441822692,4.092741544516522e-07,4.248185104669768e-08,15.996940000522306,0.5831225401094093,-0.0003767778898160733,0.0,1.79467121732871,0.1998232942521061,0.10790276475656739,4.7854434540336985,9.109099270151225
43,2026-02-12,0.0,7.16114629991128e-10,7.155588195547765e-10,5.558104363515001e-13,0.00011291650878519902,8.83742169987829e-05,0.0,0.0,0.0026884883044095004,4.2726347045630074e-07,4.446483490812001e-08,15.996878647968602,0.582687319829693,-0.000379599562830061,0.0,1.794673591012131,0.19980873714335184,0.10790087176770655,4.785410348396569,9.109085099648844
44,2026-02-13,0.0,6.867672948613522e-10,6.86223389593569e-10,5.43905267783177e-13,0.00011249953727902679,8.828371116222379e-05,0.0,0.0,0.0026785604114054,4.1697150617221966e-07,4.3512421422654166e-08,15.99681981875167,0.5822583325373646,-0.00038239684637924286,0.0,1.7946746788567478,0.19979491350723172,0.10789907288201664,4.785380049050063,9.10907110445561
45,2026-02-14,0.0,5.458759139497848e-10,5.453773057188807e-10,4.986082309041431e-13,0.00011211831273926663,8.820074275260134e-05,0.0,0.0,0.0026694836366492054,3.8122453976016545e-07,3.988865847233145e-08,15.996773119265654,0.5818354001576038,-0.00038517032548752544,0.0,1.7946720078953424,0.19978450057126315,0.10789771681939818,4.785360693584285,9.109058200395365
46,2026-02-15,0.0,4.2483777951554734e-10,4.243852303497308e-10,4.5254916581653573e-13,0.00011177315204796565,8.812543857140947e-05,0.0,0.0,0.0026612655249515635,3.451606913009774e-07,3.6203933265322866e-08,15.996736833746375,0.5814183522202105,-0.0003879205624552121,0.0,1.794667238013329,0.19977694729575954,0.10789673256670194,4.785349472934004,9.109046442936581
47,2026-02-16,0.0,4.1294308132441547e-10,4.124924839957729e-10,4.5059732864258756e-13,0.00011143024526956048,8.805045917592334e-05,0.0,0.0,0.002653101077846678,3.4290677840517366e-07,3.604778629140701e-08,15.996701573350323,0.5810070254293705,-0.0003906480980689689,0.0,1.7946625707186914,0.19976966000598625,0.10789578263616251,4.785338705437215,9.109034854552268
48,2026-02-17,0.0,4.231295843758621e-10,4.226708731125264e-10,4.587112633356672e-13,0.00011108193833924036,8.797412962170429e-05,0.0,0.0,0.0026448080556961987,3.4830693032010975e-07,3.669690106685338e-08,15.996665439590718,0.5806012632635947,-0.00039335345273045825,0.0,1.7946583339267526,0.19976212286048434,0.10789479982888955,4.785326971556696,9.109023211417895
49,2026-02-18,0.0,4.125047339719585e-10,4.1204639319763875e-10,4.583407743197436e-13,0.00011073469956449867,8.789786171685749e-05,0.0,0.0,0.0026365404658213972,3.4723877474169056e-07,3.666726194557949e-08,15.996630222688381,0.5802009156033182,-0.00039603712751019166,0.0,1.7946542712133582,0.19975481672705922,0.10789384680376654,4.785315545670438,9.10901174227376
50,2026-02-19,0.0,4.0065205107605795e-10,4.001963861796027e-10,4.556648964552032e-13,0.00011039026855496904,8.782203907808735e-05,0.0,0.0,0.002628339727499263,3.444310095296318e-07,3.6453191716416265e-08,15.996596026604818,0.5798058383838826,-0.00039869960513258084,0.0,1.794650242055228,0.19974777489260626,0.1078929279337928,4.7853046395428045,9.109000442180387
51,2026-02-20,0.0,4.0764702592180477e-10,4.0718368868712843e-10,4.633372346763496e-13,0.00011004082605303423,8.774493976223722e-05,0.0,0.0,0.0026200196679293866,3.494425019348085e-07,3.7066978774107967e-08,15.996561232443597,0.5794158932718477,-0.0004013413508975633,0.0,1.7946466528709168,0.19974055297314583,0.10789198527409966,4.785292905158848,9.108989136166587
52,2026-02-21,0.0,5.437354000968483e-10,5.432223159929929e-10,5.130841038553971e-13,0.00010965475114927851,8.765956256735568e-05,0.0,0.0,0.002610827408316155,3.8607490375572043e-07,4.104672830843177e-08,15.996514725157128,0.5790309473627654,-0.00040396281354373873,0.0,1.7946456642671338,0.1997301493750833,0.10789062710070134,4.785271814592409,9.108976469821801
53,2026-02-22,0.0,8.767859376324697e-10,8.762137136036228e-10,5.722240288468993e-13,0.00010922526862634237,8.756434448895555e-05,0.0,0.0,0.002600601633960533,4.29482522936143e-07,4.5777922307751954e-08,15.996439495552718,0.5786508728987231,-0.0004065644260574647,0.0,1.7946506705664773,0.19971173509026044,0.10788822246515252,4.785227713544386,9.108961153886442
54,2026-02-23,0.0,9.01726039216308e-10,9.011429231330859e-10,5.831160832221025e-13,0.00010878885119272606,8.746731397270739e-05,0.0,0.0,0.0025902107426839537,4.3641743361631456e-07,4.664928665776821e-08,15.99636211987088,0.5782755470041214,-0.00040914660643197624,0.0,1.7946574584831363,0.19969270919722287,0.10788573575107996,4.7851804838405965,9.108945732598846
55,2026-02-24,0.0,8.855555571355096e-10,8.849710227449576e-10,5.845343905519305e-13,0.00010835263687259299,8.737004745011954e-05,0.0,0.0,0.00257982468744269,4.362143201330761e-07,4.676275124415444e-08,15.996286141351588,0.5779048514382809,-0.00041170975838027125,0.0,1.7946645396953445,0.19967408940335793,0.10788329982249596,4.7851337736837705,9.108930438746619
56,2026-02-25,1.0700910147237888e-10,7.602628502847871e-10,8.513400821744172e-10,1.5931869582748748e-11,0.00011254269756907766,9.05703334963152e-05,0.0,0.0,0.0026795880373589923,4.322531675723114e-07,4.6472925011401614e-08,15.99621306429458,0.5775381063487479,-0.0004142582148668468,0.002535097912633972,1.794671117586978,0.19965630437235427,0.10788097093431191,4.785089295861539,9.108915375539397
57,2026-02-26,4.904957982532682e-11,1.1234799812510638e-09,1.1648641788907883e-09,7.665382185602578e-12,0.00011418712293171371,9.197988831972574e-05,0.0,0.0,0.00271874102218366,4.710680018098073e-07,5.054648821578116e-08,15.996112941644013,0.5771759206787715,-0.00041678738065802773,0.00025368924496491215,1.7946831745004361,0.1996307583250688,0.10787762315571005,4.785022742888806,9.108898642773992
58,2026-02-27,4.624195519565961e-10,1.5528885248201051e-09,1.9466218842273125e-09,6.86861925493885e-11,0.00013348850437117234,0.00010608716458689014,0.0,0.0,0.0031782977231231513,5.50752353758444e-07,5.9152192401265654e-08,15.995945363417762,0.5855425849754838,-0.0003613813943386928,0.0017384922486357829,1.7947232233928565,0.1995852198164879,0.10787164843988603,4.784885396219654,9.108879875548878
59,2026-02-28,9.154102767757593e-10,2.023414093533148e-09,2.8032067835078505e-09,1.3561758680105712e-10,0.00017205329663712713,0.00013409268678549668,0.0,0.0,0.004096507062788741,7.267633136354776e-07,7.701063561746003e-08,15.995703970125618,0.5912566611547169,-0.0003269143910087828,0.003756878641450444,1.7948044361245705,0.19951756506474283,0.10786275135653389,4.784659175537516,9.108860042042254
60,2026-03-01,9.936198753722812e-10,2.67917009897199e-09,3.526086779147208e-09,1.4670319519706325e-10,0.00021375179141445131,0.00016444813958219485,0.0,0.0,0.005089328367010745,1.0142565005442726e-06,1.0539709257221629e-07,15.995400435881493,0.5989087870166366,-0.0002845766812630526,0.0029230026960646274,1.7949232702057616,0.19943135180976002,0.10785137251612957,4.784354645066334,9.108839796283506
61,2026-03-02,1.7779390875153505e-09,2.8186410878284683e-09,4.333390280657549e-09,2.6318989468627003e-10,0.0002887289139752254,0.0002188645052242306,0.0,0.0,0.006874497951791081,1.3430713114486997e-06,1.3777074617398195e-07,15.9950275118033,0.6014793657533217,-0.0002712557297094921,0.03888741731643146,1.7950807280911274,0.19932447431307207,0.10783719974979405,4.78396550721521,9.108819602434098
62,2026-03-03,1.534156542419591e-09,3.3602211571811993e-09,4.6687139289543325e-09,2.256637706464582e-10,0.0003529098546379499,0.00026568284772160206,0.0,0.0,0.008402615586617855,1.8659046722207239e-06,1.8858764888193607e-07,15.99462618941216,0.6035917271992568,-0.00026062706970180914,0.022540145610926227,1.7952561975670853,0.19920963017054644,0.10782187921857356,4.783539063788733,9.108799418667223
63,2026-03-04,6.3554954336594925e-09,6.275266115216486e-12,5.414818600080895e-09,9.469520996938145e-10,0.0006225578671642405,0.0004606959440504798,0.0,0.0,0.014822806361053344,2.396481243829679e-06,2.4055395563654464e-07,15.994160986120313,0.6109179021249999,-0.00022584950418616883,0.1731209887435402,1.7954676934326175,0.19907625145782631,0.10780397086255988,4.783033533037747,9.108779537329562
64,2026-03-05,8.47194055045116e-09,-1.0175113526046893e-09,6.192191031941594e-09,1.262238165904877e-09,0.0009808893860951077,0.0007204234220999456,0.0,0.0,0.02335450919274066,4.422893889697721e-06,4.3639515476812417e-07,15.993630840104199,0.6145305911406582,-0.00020981194104070664,0.04123114830201772,1.7957158728688636,0.1989243933959132,0.10778342082724485,4.782447019227337,9.10876013378484
65,2026-03-06,8.480697182923134e-09,-1.1868820860743422e-09,6.038988804574472e-09,1.2548262922743194e-09,0.0013381129709605479,0.0009799533549804764,0.0,0.0,0.03185983264191781,6.887271081931704e-06,6.744561241545386e-07,15.993116633198689,0.6132226346280295,-0.00021553773617125877,0.03253831439030235,1.7959555999608563,0.19877854607828171,0.10776350058256884,4.781878273876446,9.108740712700536
66,2026-03-07,1.0559132808870122e-08,-2.700401935795379e-09,6.278256041351974e-09,1.5804748317227693e-09,0.0017804264099888086,0.0013029050812568125,0.0,0.0,0.042391104999733545,9.557626572365032e-06,9.332573485696429e-07,15.992584682760636,0.6159986295865028,-0.0002034912960255722,0.05344263047902258,1.7962090797352994,0.19862871899489698,0.10774285091087299,4.781282671111215,9.108721362008353
67,2026-03-08,8.171201179078254e-09,-5.939608929741324e-10,6.3567771550043835e-09,1.2204631310997385e-09,0.002118063162477494,0.0015517941613266617,0.0,0.0,0.050430075297083196,1.2771761894339672e-05,1.2461728924695736e-06,15.992049475149232,0.6162919619252576,-0.00020224156302752868,0.03858323857543206,1.7964669426565303,0.19847927812312338,0.10772205466204801,4.780679128851776,9.108702070855754
68,2026-03-09,3.315975723838353e-09,3.9282641247176046e-09,6.73632112087044e-09,5.079187276855181e-10,0.00224468735285577,0.0016508286320424273,0.0,0.0,0.05344493697275643,1.5448368437634234e-05,1.5090949359289853e-06,15.991484414467763,0.623701594328867,-0.0001720622834189558,0.02415428845752358,1.796740176048063,0.19832248556222343,0.10770002636244921,4.780038565803481,9.108683160691546
69,2026-03-10,7.872434189529834e-09,6.377749708055717e-10,7.340734443151719e-09,1.1694747171836874e-09,0.0025664604523976077,0.0018897407192298387,0.0,0.0,0.06110620124756209,1.680285076578264e-05,1.6476609156757001e-06,15.990868625523555,0.6298532495085633,-0.00014888968943710875,0.22508859833019923,1.797036532397102,0.1981524933329951,0.10767591226514514,4.779338811671059,9.108664875857254
70,2026-03-11,9.056313104710895e-09,4.229274809608119e-10,8.158034059233492e-09,1.321206526438214e-09,0.002938236267411922,0.002164475825274266,0.0,0.0,0.06995800636695053,1.985317708807228e-05,1.9491102159454438e-06,15.990185573668143,0.639213514128494,-0.00011650933766039238,0.04547311136933087,1.7973633430983256,0.1979650223767788,0.10764902873091571,4.778560675824796,9.108647503637327
71,2026-03-12,3.5032216879061595e-09,6.450000962062625e-09,9.426940922163959e-09,5.262817278048247e-10,0.0030662668880407657,0.002267672251704114,0.0,0.0,0.07300635447716108,2.3656953656696118e-05,2.3236118373673223e-06,15.989397066537963,0.6501556845723498,-8.240128185120532e-05,0.01653447599703221,1.79772797650351,0.19774979007899884,0.10761779282380361,4.77766962186495,9.1086318852667
72,2026-03-13,1.0429063140235104e-08,1.5867400065081142e-09,1.0475381932031139e-08,1.5404212147120804e-09,0.003490416810096314,0.0025835297493159324,0.0,0.0,0.08310516214515033,2.5460637924831967e-05,2.510604772990187e-06,15.988519964781734,0.661970355524926,-4.911772482763893e-05,0.23666599926548887,1.7981187599880453,0.1975124951111011,0.10758288673378266,4.7766880372477525,9.108617785701052
73,2026-03-14,9.650001660332273e-09,4.120961517045354e-09,1.2310715593056557e-08,1.4602475843210699e-09,0.0038733746440025056,0.002874399793906944,0.0,0.0,0.09222320580958346,3.07337477889946e-05,3.0331258811713594e-06,15.987490085828163,0.6579540408356905,-6.009375926606302e-05,0.8184561912735281,1.7985590863057541,0.19723655463001888,0.1075416660688536,4.77554668096025,9.108606097863287
74,2026-03-15,1.0878351910472675e-08,4.436970249979352e-09,1.3675237252636152e-08,1.640084907815873e-09,0.004304295130856556,0.0032019955507261045,0.0,0.0,0.10248321740134658,3.6098261852399626e-05,3.5717635039374475e-06,15.986348215354893,0.6509535855612428,-8.005010518752795e-05,0.9770396620877954,1.7990474711861906,0.19693519856182526,0.10749581404831111,4.774274126959347,9.108595604599218
75,2026-03-16,7.381926871746434e-09,7.050685891282477e-09,1.3338976073472192e-08,1.0936366895567198e-09,0.004584444713735385,0.003421288804173141,0.0,0.0,0.10915344556512822,3.990714149074367e-05,3.9582939245813164e-06,15.98523959325756,0.6457072413726757,-9.583124273555796e-05,0.45450144930142455,1.799530790806237,0.19664865406350934,0.10745127990954358,4.773024352718049,9.10858451576022
76,2026-03-17,4.069191321404237e-09,9.092833432977031e-09,1.253423827246906e-08,6.27786481912209e-10,0.004719018817541445,0.003538336736934051,0.0,0.0,0.11235759089384394,4.1578139046595554e-05,4.1372025185449674e-06,15.984202350412385,0.6415644785654709,-0.0001088667371871636,0.3153452325035144,1.799994249465909,0.19638626727381545,0.10740963876792499,4.771839865760907,9.108572329143827
77,2026-03-18,3.835925162159864e-09,8.435452351174709e-09,1.1682292417234203e-08,5.890850961003708e-10,0.004843848989749921,0.0036481438995481837,0.0,0.0,0.11532973785118861,4.171885456714291e-05,4.170792317787693e-06,15.983238889994421,0.6382076942707536,-0.00011983608229746788,0.17538059951955928,1.8004338286323962,0.1961475382758129,0.10737099945203187,4.77072748780869,9.10855903582549
78,2026-03-19,4.640634882712008e-09,7.276435752719811e-09,1.1206985293284798e-08,7.100853421470222e-10,0.005002466002463191,0.0037825458199601788,0.0,0.0,0.11910633339198075,4.2329790722068024e-05,4.250756457482282e-06,15.98231718701226,0.6350913595673876,-0.00013036932472132158,0.441682321752245,1.8008614499089233,0.19592342077850322,0.10733405257867568,4.769653241727792,9.108545022018365
79,2026-03-20,1.3226355449313442e-08,-2.395596098189559e-10,1.09994627124189e-08,1.9873331270755874e-09,0.0055272141718325325,0.004180723144211652,0.0,0.0,0.1316003374245841,4.3718423761770497e-05,4.407611258764694e-06,15.981414959468928,0.6307728179979111,-0.0001455610354924387,1.1509086576432006,1.8012872480108773,0.1957079019419269,0.1072978863617098,4.768591407701248,9.108530515453166
80,2026-03-21,1.260494686324219e-08,1.0988514925172707e-10,1.0832384416190167e-08,1.88244759630375e-09,0.006022212327410565,0.004558855967569905,0.0,0.0,0.14338600779548963,4.8410653913155794e-05,4.882303814039914e-06,15.980532334413097,0.6271005650351913,-0.00015906004805446198,0.9002530422912282,1.801714433767246,0.1955010440258446,0.10726250490555786,4.767538813171242,9.108515538543205
81,2026-03-22,1.2980698882558944e-08,-2.131589557614637e-10,1.0826683131933063e-08,1.940856794864418e-09,0.006528705975423274,0.0049475806732081065,0.0,0.0,0.15544538036722083,5.324932249384453e-05,5.374680232051265e-06,15.979655532993222,0.6237359802269724,-0.00017192820305573253,0.8772425719300602,1.8021488259155012,0.19529931973692188,0.1072273434037464,4.766479824062093,9.10850021987496
82,2026-03-23,1.1235058173796011e-08,1.3008236916130201e-09,1.0843005293692713e-08,1.6928765717163186e-09,0.006954897076147272,0.00528159060079847,0.0,0.0,0.16559278752731604,5.8347844247622273e-05,5.895617857701156e-06,15.978782940797952,0.6208017345523714,-0.00018356328810859864,0.7801788069384712,1.8025910652557875,0.1951023146192139,0.10719233627393207,4.765412655412854,9.108484569236165
83,2026-03-24,1.2875274103364096e-08,-3.201427595659291e-10,1.0619395287204584e-08,1.935736056593583e-09,0.0074479550657867615,0.005665273019259673,0.0,0.0,0.17733226347111336,6.214340271782837e-05,6.292276422451093e-06,15.97793386072428,0.6180301575916086,-0.0001949246371057534,0.9583206939130705,1.803031330624495,0.19491440266346016,0.10715828062049286,4.764361437947889,9.108468408867942
84,2026-03-25,4.851851370663048e-09,7.077651056378489e-09,1.1151711720254585e-08,7.777907067869525e-10,0.007589127494503786,0.005800934178176042,0.0,0.0,0.1806935117738997,6.824396763380639e-05,6.921286091695708e-06,15.977045518085374,0.6188188705217103,-0.00019165380399712367,0.6163020480876056,1.8034921693528436,0.19472096222072352,0.10712257679970102,4.763257194214208,9.108452615497898
85,2026-03-26,1.2068409172403884e-08,1.6449367200789033e-09,1.1868716858121676e-08,1.8446290343611105e-09,0.008036051717370502,0.006157690536966548,0.0,0.0,0.1913345646992977,7.228679919300543e-05,7.367223076668427e-06,15.976099714971102,0.6159693900156157,-0.0002036161095717039,0.9902146930071035,1.8039804351524564,0.19451810898360036,0.10708448406391274,4.762079598512836,9.108437088258297
86,2026-03-27,1.1918545802462962e-08,1.696203529934066e-09,1.1780869594035554e-08,1.833879738361473e-09,0.008471267868152778,0.006508842833052602,0.0,0.0,0.2016968540036376,7.707238783098965e-05,7.874313239049055e-06,15.975166794539248,0.6133491616878812,-0.00021497990183449607,0.8810587216022642,1.8044712651031873,0.19432234850903798,0.1070469034971332,4.760905165407492,9.108421112022397
87,2026-03-28,9.51976774281461e-09,3.0439044749278694e-09,1.1105272777026246e-08,1.458399440716233e-09,0.008803012159463174,0.006785621819115524,0.0,0.0,0.20959552760626607,7.98034197195016e-05,8.175524208477689e-06,15.974295277915239,0.6111527117038765,-0.00022478570606735524,0.6148835805391958,1.8049454118897719,0.19414403071240724,0.1070118426737536,4.75978974382894,9.108404248810366
88,2026-03-29,8.796441373361854e-09,2.8868291691933503e-09,1.0328519520171138e-08,1.3547510223840664e-09,0.00910246985921112,0.007039872381132878,0.0,0.0,0.21672547283836002,8.093545888048272e-05,8.318325678696204e-06,15.973492147613257,0.6090794709881882,-0.00023428445124109537,0.5962178181301881,1.805397095705751,0.1939838346629062,0.10697959507907694,4.758745131714266,9.108386490451256
89,2026-03-30,7.483153244137784e-09,3.432012631372775e-09,9.76691678601779e-09,1.1482490894927695e-09,0.009345471361388965,0.007253392965531058,0.0,0.0,0.22251122289021347,8.232432158257881e-05,8.489310802726469e-06,15.972739099635328,0.6072001523019137,-0.0002431054211604982,0.6221523914455693,1.8058323185027545,0.19383718236116387,0.10694940731300365,4.757752144341044,9.108368047117363
90,2026-03-31,1.4838893098997163e-08,-3.1115107686198376e-09,9.479541528513523e-09,2.2478408018638023e-09,0.00990105547776995,0.007692716261966635,0.0,0.0,0.23573941613737975,8.42417241645225e-05,8.717781491238983e-06,15.97201302675292,0.6041129543662723,-0.00025804733244328017,1.3234211468800745,1.8062610489735607,0.19369879064104398,0.10692032782483094,4.756783759271444,9.108349100042041
91,2026-04-01,7.229792117339621e-09,3.210670805013176e-09,9.315118472127063e-09,1.1253444502257338e-09,0.010125491070821713,0.007896904041471373,0.0,0.0,0.24108312073385035,8.952645230410325e-05,9.274453578035086e-06,15.971307001422812,0.6024609841456064,-0.0002662815825341668,0.48709460943639116,1.806689497679537,0.1935673888746524,0.10689206777767049,4.755828325183618,9.108329721907333
92,2026-04-02,5.72413011697011e-09,4.23600817872449e-09,9.043674855977897e-09,9.164634397167042e-10,0.010282645699538333,0.008054352088593893,0.0,0.0,0.24482489760805556,9.12870488225992e-05,9.492676252954332e-06,15.970626407640331,0.6011825998444139,-0.00027277164166225756,0.40331036488458066,1.807111402407086,0.1934434918547445,0.10686485448377359,4.754896771440543,9.108309887454183
93,2026-04-03,6.8427145906580964e-09,3.550626047843543e-09,9.32202996725033e-09,1.0713106712513108e-09,0.010485899896189494,0.008245487250719585,0.0,0.0,0.249664283242607,9.440077692923563e-05,9.859162930658499e-06,15.969925244191021,0.6044603898335879,-0.0002563370344241223,0.5261887889427658,1.8075453107554043,0.193317651584051,0.10683677997961669,4.753935417905171,9.108290083966777
94,2026-04-04,4.509218088976291e-09,5.936991818196497e-09,9.70739690336408e-09,7.388130038087067e-10,0.010585571829576349,0.008364199268884088,0.0,0.0,0.2520374245137226,9.718920714657194e-05,1.0189840660546672e-05,15.969193904146376,0.6064002615850707,-0.000246922214354033,0.3028683730883914,1.8079894735211586,0.19318796241789565,0.10680743012549984,4.752938258558517,9.108270779523306
95,2026-04-05,7.986332895788742e-09,3.021564306090586e-09,9.78056383326589e-09,1.2273333686134367e-09,0.010835836110169115,0.008589599593530645,0.0,0.0,0.2579960978611694,9.798942897732075e-05,1.0323524931302994e-05,15.96845717638509,0.6101162006586204,-0.00022950456898613157,0.584977114964159,1.8084332576318798,0.19305934470154995,0.10677783649173639,4.751935064393248,9.108251673166677
96,2026-04-06,8.161313100522331e-09,3.405211279730466e-09,1.0311933911300596e-08,1.2545904689522007e-09,0.011090881400010544,0.00881970931606835,0.0,0.0,0.2640686047621558,0.00010091928702411478,1.0666535964409424e-05,15.967677811118143,0.6133110052421523,-0.00021514803703957897,0.5143678319603546,1.8088871821994246,0.19292469542194848,0.10674643502953995,4.750885982536394,9.108233515930836
97,2026-04-07,9.249704890535964e-09,2.6761466714249753e-09,1.0493135174513922e-08,1.4327163874470177e-09,0.011387896411854352,0.009082481266753973,0.0,0.0,0.271140390758437,0.00010451876570617032,1.1082078431287398e-05,15.966886805083202,0.6111922138534018,-0.00022460704063381469,1.007272257311552,1.809348437387847,0.19279059009478408,0.10671453568869285,4.749817872989295,9.108215368922583
98,2026-04-08,1.8329657826216794e-08,-5.063902579695332e-09,1.0542553987738712e-08,2.7232012587827492e-09,0.01207483460394676,0.009623583776273986,0.0,0.0,0.2874960619987324,0.00010878849510926223,1.1568650704616397e-05,15.966096285564475,0.6077715666053686,-0.00024040178829527327,1.4094649867422648,1.8098158859192266,0.1926595832028095,0.10668265052168185,4.7487412842908086,9.108196881629949
99,2026-04-09,1.8797445074766552e-08,-6.205292473695068e-09,9.814028305686819e-09,2.778124295384664e-09,0.012779545924265449,0.010178277710901028,0.0,0.0,0.3042749029587012,0.00011268904511616659,1.197501527669543e-05,15.965373017579257,0.6046311185505135,-0.0002554993052817093,1.3103632656627748,1.810264224874849,0.19254419894536912,0.10665354505785339,4.747733427912275,9.108177620788911
100,2026-04-10,1.9839920021688826e-08,-7.527630661628818e-09,9.344745093497803e-09,2.967544266562205e-09,0.01352125874624819,0.010763978724483706,0.0,0.0,0.3219347320535283,0.00011784505969361396,1.2514369983905935e-05,15.964695991032857,0.601172127108459,-0.00027282524094674046,1.561356896285772,1.8107016104471998,0.19244018108242475,0.10662634889820445,4.7467700732188485,9.108157777386179
101,2026-04-11,2.0700836304457508e-08,-8.220113848081594e-09,9.342765704686216e-09,3.1379567516896984e-09,0.01428864074335198,0.01137443196739577,0.0,0.0,0.34020573198457094,0.0001262019993584986,1.3395553984785794e-05,15.964028373629315,0.5975805474603297,-0.00029163145717663405,1.699606549836785,1.8111457582014407,0.19234091207915816,0.10659953445627879,4.745804584675245,9.108137584217193
102,2026-04-12,2.0946924090701785e-08,-8.249731161110555e-09,9.518949413657425e-09,3.178243515933805e-09,0.015057178096466709,0.011990356202480023,0.0,0.0,0.3585042403920645,0.0001362869663534938,1.4465447107480079e-05,15.963356688813436,0.594372073311021,-0.000309174077013424,1.522893490240621,1.8116030726498888,0.19224416295136512,0.10657254227936762,4.74481979767321,9.108117113259604
103,2026-04-13,1.9578285276979142e-08,-6.860079555923303e-09,9.69781917839136e-09,3.0203865426644787e-09,0.01575376715645457,0.01256198469119258,0.0,0.0,0.3750896942012993,0.00014679840329513753,1.5586498649234974e-05,15.962681182138367,0.5910285744264057,-0.00032824151171837574,1.6674042621652314,1.8120728345601873,0.19215009642425104,0.10654538217754872,4.743816506914182,9.108096362062197
104,2026-04-14,2.3347873505287212e-08,-9.686167272540489e-09,1.0048327281754082e-08,3.6133789509926414e-09,0.01659847238016635,0.013247099494422081,0.0,0.0,0.39520172333729403,0.0001583993739369153,1.6840928612851492e-05,15.961988246963774,0.587608164351856,-0.0003486233380074135,1.728959183436984,1.8125592899230853,0.1920565231598267,0.10651749015513921,4.742779559770005,9.108075383955716
105,2026-04-15,2.3816174802049068e-08,-9.798553659694365e-09,1.0289277901993114e-08,3.7283432403615895e-09,0.01744782590075186,0.013943918560358735,0.0,0.0,0.4154244262083776,0.00017119845634140597,1.8217604066231154e-05,15.961288669413449,0.5841168706677216,-0.00037039214620666406,1.807305536109828,1.813058189688266,0.19196566885970087,0.10648931099226923,4.741721373560406,9.108054126312807
106,2026-04-16,8.22884793016679e-09,4.092170114205906e-09,1.0929054626478279e-08,1.3919634178944187e-09,0.017618829684213272,0.014158236610572963,0.0,0.0,0.41949594486222075,0.00018560722663002354,1.9777761554666975e-05,15.960549784081905,0.5853782938072887,-0.0003624111127153808,0.8901473356493139,1.8135770529241082,0.19187214537304476,0.10645947557505896,4.740608014523805,9.108033095685888
107,2026-04-17,2.8747626294398937e-08,-1.2058243864911817e-08,1.2066559035236827e-08,4.6228233942502934e-09,0.01864098927951461,0.015000771476527511,0.0,0.0,0.4438330780836812,0.0001984279939900734,2.1260515326887756e-05,15.959726921890576,0.5810753682693273,-0.00039019387412718155,2.4154045842927796,1.8141184956325982,0.19176838559055717,0.10642614191665124,4.739401564574146,9.108012334176625
108,2026-04-18,2.89085705706147e-08,-1.1808470334986681e-08,1.2589095610441316e-08,4.511004625186703e-09,0.019664678330873535,0.015844182077514344,0.0,0.0,0.46820662692556037,0.0002175118972399134,2.333814809930758e-05,15.958880074075175,0.5778215804682492,-0.00041228729168450056,1.9854950674897403,1.8146699462889007,0.19166621813305643,0.10639179170446948,4.738160741726631,9.107991376222117
109,2026-04-19,3.285098921526756e-08,-1.5906983787646898e-08,1.2003547756382306e-08,4.940457671238358e-09,0.02086250128352229,0.0168068831552452,0.0,0.0,0.49672622103624503,0.00022660223351725594,2.4343661507255305e-05,15.958093913444047,0.5747804416417666,-0.0004338304931905325,1.6156826255288814,1.8152162510427936,0.19157823159049514,0.10635994622835811,4.73696964101735,9.107969843565051
110,2026-04-20,3.4547167172861175e-08,-1.7882134377856806e-08,1.1367063024723153e-08,5.2979697702812154e-09,0.02211449195965265,0.017819573877535647,0.0,0.0,0.5265355228488726,0.00023699297300990317,2.545628415219532e-05,15.957374248455874,0.5708171038892402,-0.00046327596390104045,2.193648158106117,1.815756415592218,0.19150515531855136,0.10633084629350409,4.73583409727137,9.10794773398023
111,2026-04-21,3.721663134027216e-08,-1.9777004824885706e-08,1.1594892903005797e-08,5.844733612380657e-09,0.02344922067780977,0.01891000039087564,0.0,0.0,0.5583147780430898,0.0002576908663571854,2.7685865835524903e-05,15.956657826441248,0.5664809697709242,-0.0004973786618552517,2.4390209981607205,1.8163040626145261,0.19143809030721803,0.10630186061341781,4.7346885146135165,9.10792529829257
112,2026-04-22,2.496207796582662e-08,-9.05694471524698e-09,1.1968585485683704e-08,3.936547764895934e-09,0.024244973585508825,0.01961827934134358,0.0,0.0,0.5772612758454483,0.00028222792404873675,3.0346027144677626e-05,15.955936314606479,0.5635967259563812,-0.0005212230340212474,1.5867371841101336,1.816859577376099,0.1913763819417657,0.10627264030209511,4.733525158411424,9.107902556575095
113,2026-04-23,3.392259197693658e-08,-1.712726596001957e-08,1.1631222082251344e-08,5.1641039346656654e-09,0.02542476933376673,0.020599942894918708,0.0,0.0,0.6053516508039698,0.00029179277831293567,3.14812867062415e-05,15.95525465108359,0.5606019691394808,-0.0005470181362421189,1.6662696775192316,1.8174115630358922,0.19132453532708205,0.10624506624341089,4.732394099529191,9.107879386948014
114,2026-04-24,3.636081426180668e-08,-1.957862730999755e-08,1.112320398534023e-08,5.658982966468895e-09,0.026687152264657565,0.0216540715240511,0.0,0.0,0.6354083872537517,0.0003033549729608733,3.277169093308366e-05,15.954629732923152,0.557305724441869,-0.000576694533068397,1.8622993027497203,1.8179602938259312,0.19128529949025028,0.10621983325622508,4.731308489364529,9.107855816986216
115,2026-04-25,2.0509419644485244e-08,-5.893066760059685e-09,1.1333144243087971e-08,3.283208641337587e-09,0.02726000377056899,0.022217501374839153,0.0,0.0,0.6490477088230712,0.00031769294845500297,3.43703255174803e-05,15.95400261253452,0.5594701119689006,-0.000557053159503741,1.0157255869958635,1.8185202714752573,0.19124961799115794,0.10619447854401398,4.730205704192124,9.107832540331968
116,2026-04-26,2.8806051619978304e-08,-1.3730295194981547e-08,1.0650171866640194e-08,4.4255845583565625e-09,0.028199790548102538,0.023036738374507374,0.0,0.0,0.6714235844786319,0.0003133923570163097,3.4056219906035676e-05,15.953429886262166,0.5568198483248277,-0.0005811870475362146,1.8258478333534,1.819072246375712,0.19122285126075803,0.10617137758776796,4.729154194027562,9.107809217010365
117,2026-04-27,3.45978115756037e-08,-1.9371955063454532e-08,1.0008358252323122e-08,5.217498259826047e-09,0.029391395222871243,0.024033464857401855,0.0,0.0,0.6997951243540772,0.00031573731284418964,3.439059997581433e-05,15.952915292021984,0.5552484318537095,-0.000595930719582629,1.8681514692566492,1.8196151376106664,0.19120653169872512,0.10615068188851769,4.72815723463203,9.107785706192045
118,2026-04-28,2.913510344129855e-08,-1.5238349541346492e-08,9.483647146537508e-09,4.413106753414549e-09,0.03034292404392747,0.024860751377150398,0.0,0.0,0.7224505724744635,0.00032205266745004404,3.5112505578368096e-05,15.952453070081551,0.5528182196603221,-0.0006193919647753647,1.4135431033852737,1.82015089751946,0.1912002475235073,0.10613214748056231,4.727207729790716,9.107762047767306
119,2026-04-29,4.4420019312492066e-08,-2.88407023660777e-08,8.924736726655898e-09,6.6545802197584655e-09,0.031947052123329406,0.02615701591333832,0.0,0.0,0.7606440981745097,0.00032683655665752633,3.5704765364794954e-05,15.952044514150389,0.5494257379411583,-0.0006535397945555725,1.9452995295987858,1.8206758707653696,0.1912037106863877,0.10611583394755203,4.726310943976595,9.107738154774484
120,2026-04-30,2.7304038057591378e-08,-1.4018942061262585e-08,9.000518036488738e-09,4.284577959840055e-09,0.03278246395892142,0.026921821330609722,0.0,0.0,0.7805348561647957,0.00035041042483254696,3.8253674749753854e-05,15.951655533491618,0.5472603389360537,-0.0006762258388371834,1.330613812590733,1.8212114724517912,0.19121513754491157,0.10610030906473257,4.725414556938199,9.107714057491984
121,2026-05-01,5.179061056984082e-08,-3.348286382335798e-08,1.0034163291071303e-08,8.273583455411539e-09,0.034603264920462,0.028431758059748728,0.0,0.0,0.8238872600110001,0.0003867820411298852,4.235141087721097e-05,15.951217715235277,0.54291349324921,-0.0007239780678872975,2.5336884045925916,1.821773604101177,0.19122671258773347,0.10608273942590205,4.724444984063519,9.107689675056946
122,2026-05-02,5.323483919346692e-08,-3.382215445865719e-08,1.0903867199932613e-08,8.50881753487712e-09,0.036441665667127275,0.029975878561201257,0.0,0.0,0.8676587063601733,0.0004342351404616368,4.757188272272209e-05,15.950757428132388,0.538903164165502,-0.000770812488928462,2.3418882174807605,1.8223539070304091,0.19124459831106824,0.10606420029551188,4.723429739608668,9.10766498288673
123,2026-05-03,2.844040506990099e-08,-1.204547936529079e-08,1.1639420917722607e-08,4.755504786887592e-09,0.037183759236093746,0.030747388734654685,0.0,0.0,0.8853276008593749,0.00048011450260322815,5.2657139429234117e-05,15.950284553807128,0.5365422239720948,-0.0007997095656703605,1.6528862503114907,1.8229446211627485,0.19126999146280457,0.1060451018829272,4.722384806518265,9.107640032780383
124,2026-05-04,2.4516370937542598e-08,-7.50954151859326e-09,1.2980405190913965e-08,4.026424228035374e-09,0.03775157276184904,0.03139301436403408,0.0,0.0,0.8988469705202152,0.0005015900202598157,5.5302220306910735e-05,15.9497199390392,0.5416305880556846,-0.0007386610105941657,0.9358461039485082,1.8235524208341194,0.1912864256297773,0.10602217914999729,4.721243120598547,9.10761579282676
125,2026-05-05,4.787740181419228e-08,-2.7244257705574827e-08,1.3171730868535748e-08,7.461413240081706e-09,0.039320699935629276,0.03275607756405548,0.0,0.0,0.9362071413245066,0.0005038826543695337,5.586838463198593e-05,15.949141652531159,0.5387302019850935,-0.0007728953576875427,2.141605876233013,1.8241704351779877,0.19130202305827929,0.10599868506867874,4.7200785039462945,9.107592005279919
126,2026-05-06,4.909882794268497e-08,-2.9048289026521676e-08,1.2397995262673413e-08,7.652543653489883e-09,0.04093166298049178,0.03415414719028459,0.0,0.0,0.9745634042974233,0.0005147512133981899,5.717507809666253e-05,15.94864239203196,0.5352198272820116,-0.0008163433717330696,2.10538662658952,1.8247930171201803,0.19133211816861648,0.10597845939904928,4.718970955174887,9.107567842169226
127,2026-05-07,5.577927055912168e-08,-3.50673003106113e-08,1.1940147902188095e-08,8.771822346322283e-09,0.04280125924781401,0.035753490165467874,0.0,0.0,1.0190776011384288,0.0005331844072989944,5.931987578136008e-05,15.948203267536291,0.530618502692187,-0.0008768509681887731,2.713000057341335,1.8254189455089718,0.19137512434896153,0.1059607132664306,4.717905133556842,9.107543350855085
128,2026-05-08,5.64613497373044e-08,-3.5720725358805235e-08,1.1773153905196433e-08,8.967470473302737e-09,0.044665881003061056,0.03736730365581586,0.0,0.0,1.0634733572157393,0.0005623970846483243,6.263883816639071e-05,15.947811102961696,0.5262092571579013,-0.0009389012792908743,2.6039145611818992,1.8260505596199101,0.1914309942137491,0.10594489037878438,4.716866095910886,9.107518562838367
129,2026-05-09,4.104723632769772e-08,-2.2444797693770477e-08,1.18527544043772e-08,6.749684229550042e-09,0.04583172003411856,0.03849877541101305,0.0,0.0,1.0912314293837753,0.0005991633489918856,6.683436603338161e-05,15.947453022696182,0.5227126594998517,-0.0009911508701291988,2.0623621861228285,1.8266882685492833,0.19149914778915786,0.10593045325917975,4.715841672186574,9.107493480911987
130,2026-05-10,4.3724847768449866e-08,-2.4822180497273208e-08,1.1761370339958054e-08,7.141296931218605e-09,0.047092023525016735,0.03970691590897013,0.0,0.0,1.1212386553575413,0.0006226389990536201,6.973580442790467e-05,15.947129215102292,0.5194334835027522,-0.001042761491605005,1.93689003684941,1.8273270881128483,0.19157688681650387,0.1059174265803902,4.714839673927449,9.1074681396651
131,2026-05-11,3.8887873963611534e-08,-2.0366446705222478e-08,1.199687010802804e-08,6.524557150361016e-09,0.048104942419113464,0.040757904275695436,0.0,0.0,1.145355771883654,0.0006582773890419578,7.400592280086112e-05,15.946824968836802,0.5162777187305566,-0.0010949580282507382,1.8785936897417663,1.827966560138441,0.19166430623322916,0.10590519409652971,4.713846405050927,9.107442503317674
132,2026-05-12,2.182117588874469e-08,-4.5941442769898265e-09,1.3235587984787055e-08,3.991443626967809e-09,0.04835226499441766,0.04127449883195397,0.0,0.0,1.1512444046289918,0.000697747597471234,7.882413838355622e-05,15.94645798577077,0.5177682383424722,-0.0010699866664538732,1.4511286180342238,1.828611937893773,0.1917499657818451,0.10589035699502095,4.712788707535901,9.10741701756423
133,2026-05-13,2.9283828387048358e-08,-7.947105534146129e-09,1.6211378740763257e-08,5.12534411213897e-09,0.048892370356620724,0.04201319558692456,0.0,0.0,1.1641040561100173,0.0007258746932537774,8.261623092474067e-05,15.945865813571746,0.5353824933855281,-0.0008142795642510922,1.1165698647427185,1.8292619219138542,0.19180769852283194,0.10586618971931062,4.711536399576578,9.107393603839173
134,2026-05-14,5.363916708743552e-08,-2.5375500709592926e-08,1.9782311445030116e-08,8.481354932812474e-09,0.05049308847562739,0.04349865126742488,0.0,0.0,1.2022163922768427,0.0007316353107493914,8.382585990304615e-05,15.944972083033548,0.5336102515905098,-0.0008370369530727515,2.048954943466379,1.8299239824038478,0.1918220310430443,0.10582944724419632,4.710020773924676,9.107375848417783
135,2026-05-15,5.8020291510739066e-08,-2.9000499048933373e-08,1.96047302861301e-08,9.41506217567559e-09,0.05223036093341458,0.04511167273889919,0.0,0.0,1.2435800222241566,0.0007617056035576123,8.749228173037077e-05,15.944127432222114,0.5302478970830259,-0.0008819087439650615,1.986201202162721,1.830589977797934,0.1918508057922565,0.10579474069664194,4.708534505600343,9.107357402334939
136,2026-05-16,5.312881783899417e-08,-2.3834202223265704e-08,2.0375075138798802e-08,8.919540476929665e-09,0.05369930175278026,0.04656384278343458,0.0,0.0,1.2785548036376255,0.0008057768055843577,9.27938945969441e-05,15.943265596430304,0.528420989107874,-0.0009072586544954007,2.4402860036726226,1.8312466992776761,0.19188668298269423,0.10575930169421749,4.707033632008936,9.10733928046678
137,2026-05-17,7.955385560378831e-08,-4.6968958674479023e-08,2.021322048264935e-08,1.2371676446659939e-08,0.056314442223505075,0.04882139634971102,0.0,0.0,1.340820052940597,0.0008352748848795455,9.657135729508532e-05,15.942451020422778,0.5252483698682497,-0.0009529831991207385,1.9018620826473092,1.831906436718765,0.19193611314133452,0.10572583092523942,4.70556214857388,9.10732049106356
138,2026-05-18,7.446365336021492e-08,-4.2520905021552866e-08,1.9817673203564997e-08,1.2125075135097054e-08,0.058628335034794636,0.05091239766447703,0.0,0.0,1.3959127389236818,0.0008794960095735947,0.00010166302302102231,15.941719932490585,0.5212741098325753,-0.0010134719967951024,2.4219399579971674,1.8325828956135037,0.19200681050677704,0.10569580668865439,4.704133568303565,9.107300851378085
139,2026-05-19,6.056102017262844e-08,-2.580980183304039e-08,2.447619182833936e-08,1.0275026511248691e-08,0.06024525194402422,0.05255412801652602,0.0,0.0,1.4344107605720051,0.0009733613210112043,0.00011270127005342524,15.94069125210768,0.5283615293556589,-0.0009080955266014506,2.476705001097219,1.833178697632085,0.19205241758151584,0.10565334600432578,4.702520293555915,9.107286497333838
140,2026-05-20,7.508708899811734e-08,-3.6957312898105194e-08,2.5821900763556546e-08,1.2307875336455603e-08,0.062437024273180326,0.05462669265726718,0.0,0.0,1.4865958160281032,0.0010389457293146199,0.0001208413611556862,15.939620026972179,0.5256241368153999,-0.0009474517501648158,1.7896439086471276,1.8337203274948626,0.19210533843517155,0.10560912363268124,4.700912768186818,9.107272469222647
141,2026-05-21,5.7355357817341026e-08,-2.0756445142836235e-08,2.6799114134117262e-08,9.79979854038753e-09,0.06380562138155191,0.05613934903164043,0.0,0.0,1.5191814614655217,0.0010993076670953543,0.0001282391716885848,15.938532130349778,0.5251967380692308,-0.0009537457185008981,1.8630197166582525,1.834235436972773,0.19216780123266394,0.10556420173122764,4.6993056557128385,9.107259034700274
142,2026-05-22,6.080689658606205e-08,-2.1015482942929585e-08,2.966254317362375e-08,1.0128870469508707e-08,0.0653137434627013,0.057750320852665314,0.0,0.0,1.5550891300643168,0.0011272465656523227,0.0001322409886436133,15.937228774173871,0.5373820316424587,-0.0007893145285550967,1.3635582366697145,1.8347015288595192,0.1922037858815872,0.10551030209033699,4.697561956394738,9.10725120094769
143,2026-05-23,1.2567687385703967e-07,-7.320577133070873e-08,3.175528518043062e-08,2.0715817345900323e-08,0.06947074331873247,0.06134318004300673,0.0,0.0,1.654065317112678,0.001179697933873431,0.00013907830231641376,15.935803893770473,0.5319650272973516,-0.0008587100931496097,4.20757968851136,1.8350969825578185,0.1922327894786391,0.10545135588053176,4.695776545530555,9.107246220322928
144,2026-05-24,1.1850439321607736e-07,-6.63216488098701e-08,3.290995040325952e-08,1.9272794002947735e-08,0.07324368745362167,0.06468729192938714,0.0,0.0,1.7438973203243255,0.0013031309190922272,0.00015342323165254586,15.934417028206376,0.5270622647802121,-0.0009265715998856672,3.050151503152702,1.8354360183596996,0.1922920614881813,0.10539395299221818,4.69405422077058,9.107240774595697
145,2026-05-25,1.321117184306882e-07,-7.748982073094356e-08,3.3175559597053156e-08,2.1446338102691486e-08,0.07749904347737117,0.06842723961808125,0.0,0.0,1.84521532088979,0.0014011854581725016,0.00016499968972281243,15.933116845005086,0.5213398792886548,-0.0010124406991229627,3.6194304256412293,1.8357684924457174,0.19238218806706817,0.10534014029813503,4.692391699732734,9.107234324461432
146,2026-05-26,1.359409418963477e-07,-8.15080640790371e-08,3.2532992883839945e-08,2.1899884933470648e-08,0.08186175833064312,0.07226774785795037,0.0,0.0,1.9490894840629314,0.001476144079891713,0.0001737801485598217,15.931955918648374,0.516803314882477,-0.001086086468156189,3.809378393402717,1.8361678230626826,0.1925048839591828,0.10529209092752584,4.690764260569969,9.107226860129014
147,2026-05-27,1.0646988593074108e-07,-5.672641912838807e-08,3.2721666409322266e-08,1.7021800393030736e-08,0.08495896834081205,0.07518956061602418,0.0,0.0,2.0228325795431443,0.0015292843873090985,0.0001800074349063249,15.930838058492824,0.5190437688468684,-0.001049070285906238,3.437523125030196,1.8366370469899866,0.1926405265810096,0.10524580142862561,4.689093392503251,9.107221290989951
148,2026-05-28,1.1425451492645513e-07,-6.352703985804424e-08,3.2242918429103854e-08,1.848455663930705e-08,0.08833921624879658,0.07834362611915704,0.0,0.0,2.1033146725903946,0.0015565374336067605,0.00018367355128544725,15.92979248132544,0.5144559738548139,-0.0011262749040711522,3.3876158624841324,1.8371789709658304,0.192788426906294,0.1052025394923467,4.687406347933588,9.107216196027382
149,2026-05-29,1.332988754264533e-07,-8.008698141556085e-08,3.1473914892938434e-08,2.1737979117954012e-08,0.09244733607983685,0.08206935790774163,0.0,0.0,2.201127049519925,0.001614142831151876,0.00019086699027760946,15.928878144900121,0.5091266366538129,-0.0012231851970060212,3.19805075571693,1.83777637137077,0.19296336090778982,0.10516475554665508,4.68576402088269,9.107209636192216
150,2026-05-30,1.598228430044482e-07,-1.0133734847118221e-07,3.1656976732858666e-08,2.682851780040731e-08,0.09749538141362162,0.08658533044756234,0.0,0.0,2.321318605086229,0.0017227746332999767,0.00020391719072369784,15.928069673934427,0.5024565181167499,-0.001356563964018569,3.9823789626404165,1.8383805598708762,0.19317050742662914,0.1051313832451224,4.684185275288816,9.107201948102983
151,2026-05-31,6.044604546468302e-08,-1.8083031890184707e-08,3.1526020490350596e-08,1.0836993084147713e-08,0.09829807842136017,0.08801889212752903,0.0,0.0,2.3404304386038137,0.001832921848714286,0.00021704158925872277,15.927395789202032,0.5007727481748712,-0.0013925390891509578,1.5225325336046507,1.8390254658792344,0.19341318448084407,0.10510359150872393,4.682660247172922,9.107193300160308
